Year,SERIES,REF_AREA,SEX,AGE,URBANISATION,EDUCATION_LEV,UNIT_MEASURE,UNIT_MULT,REPORTING_TYPE,TIME_DETAIL,Value
2010,SH_STA_MALR,BI,_T,_T,_T,_T,PER_1000_POP,0,N,2010,33.0
2011,SH_STA_MALR,BI,_T,_T,_T,_T,PER_1000_POP,0,N,2011,18.0
2012,SH_STA_MALR,BI,_T,_T,_T,_T,PER_1000_POP,0,N,2012,25.0
2013,SH_STA_MALR,BI,_T,_T,_T,_T,PER_1000_POP,0,N,2013,47.0
2014,SH_STA_MALR,BI,_T,_T,_T,_T,PER_1000_POP,0,N,2014,52.0
2015,SH_STA_MALR,BI,_T,_T,_T,_T,PER_1000_POP,0,N,2015,55.0
2016,SH_STA_MALR,BI,_T,_T,_T,_T,PER_1000_POP,0,N,2016,85.0
2017,SH_STA_MALR,BI,_T,_T,_T,_T,PER_1000_POP,0,N,2017,82.0
2018,SH_STA_MALR,BI,_T,_T,_T,_T,PER_1000_POP,0,N,2018,50.3
